{
  "test_scores": {
    "MAE": {
      "scores": [
        0.16026733773172222,
        0.16609289022320553,
        0.20556623528903503,
        0.1513409389320858,
        0.1758377793244623
      ],
      "mean": 0.17182103630010218,
      "std": 0.01865800994542078,
      "min": 0.1513409389320858,
      "max": 0.20556623528903503
    },
    "MSE": {
      "scores": [
        0.0477093236957927,
        0.041435184199520296,
        0.06298321381168853,
        0.024670609161564137,
        0.04912425047356787
      ],
      "mean": 0.045184516268426705,
      "std": 0.012438389511032953,
      "min": 0.024670609161564137,
      "max": 0.06298321381168853
    },
    "R2": {
      "scores": [
        0.943835045852617,
        0.955415465707414,
        0.9448301309433085,
        0.9420882349528286,
        0.9610346084374928
      ],
      "mean": 0.9494406971787323,
      "std": 0.007441182511293317,
      "min": 0.9420882349528286,
      "max": 0.9610346084374928
    }
  },
  "train_scores": {
    "MAE": {
      "scores": [
        0.15684890290562853,
        0.14488158116015448,
        0.138963347589096,
        0.14321148344684953,
        0.1324524179893155
      ],
      "mean": 0.14327154661820882,
      "std": 0.008031868347144828,
      "min": 0.1324524179893155,
      "max": 0.15684890290562853
    },
    "MSE": {
      "scores": [
        0.028584915597464042,
        0.025817851071858793,
        0.024066652208347257,
        0.025804484700657885,
        0.023552554858506256
      ],
      "mean": 0.02556529168736684,
      "std": 0.0017627341222691962,
      "min": 0.023552554858506256,
      "max": 0.028584915597464042
    },
    "R2": {
      "scores": [
        0.9723204718880745,
        0.9746183903009462,
        0.9750002693549311,
        0.9766210213877108,
        0.9726802495299373
      ],
      "mean": 0.97424808049232,
      "std": 0.001581615300266561,
      "min": 0.9723204718880745,
      "max": 0.9766210213877108
    }
  },
  "fit_times": "[0.00019097 0.000175   0.00015092 0.00016594 0.00015807]",
  "score_times": "[0.00028014 0.00030899 0.00024414 0.00024509 0.00024104]",
  "timing": {
    "fit_time_mean": 0.00016818046569824218,
    "fit_time_std": 1.3936866074700416e-05,
    "score_time_mean": 0.00026388168334960936,
    "score_time_std": 2.6696664222779382e-05
  },
  "task_type": "regression",
  "cv_folds": 5,
  "data_shape": [
    53,
    4
  ],
  "y_true": "[-1.56379271 -1.57473265 -0.52449806  0.43821699 -0.06502042 -0.73235699\n -1.43251338  1.31341249 -0.1853598   0.78829519  0.05531896 -1.11525502\n -0.56825783 -0.80893659  0.47103682  0.05531896  0.50385665 -0.85269637\n  0.64607592 -0.59013772 -1.44345333 -0.63389749  0.98521418 -0.21817963\n -0.17441986  1.51033147 -1.33405389 -1.67319215 -0.3603989  -0.02126065\n -0.76517682  0.56949631  0.18659829 -0.03220059 -0.80893659  0.21941812\n  0.03343907  0.88675468 -0.0103207   0.96333429  0.32881755 -0.80893659\n -0.7104771  -0.63389749  0.18659829 -1.312174    1.03991389  0.46009688\n  0.46009688  2.21048787  2.3417672   2.12296832  2.17766804]",
  "y_pred_cv": "[-1.58857493 -1.5054707  -0.34425245  0.4984091   0.01066211 -0.75827625\n -1.61225486  1.34710426 -0.26908138  0.42393726 -0.11308911 -0.7607592\n -0.4494371  -0.2555654   0.94439977 -0.15008023  0.57763849 -0.97285806\n  0.77023875 -0.5301738  -1.31198262 -0.83380297  0.62830059 -0.02715486\n -0.42870218  1.61927511 -1.39524762 -1.27140676 -0.57366198  0.13929414\n -0.36425525  0.57450345  0.23999429 -0.30213627 -0.8521367   0.36064986\n  0.24069071  0.46721058 -0.06799209  0.81199636  0.51769238 -0.69232689\n -0.64115366 -0.3551025  -0.03531893 -1.19234964  0.8713504   0.36546175\n  0.55417467  2.19808401  2.06069122  1.91135046  2.09076785]",
  "y_pred_proba_cv": null,
  "saved_files": {
    "original_data": "trained_models/10004/b412fe07-c613-4158-b093-bd5882820543/cross_validation_data/b412fe07-c613-4158-b093-bd5882820543_original_data.csv",
    "preprocessed_data": "trained_models/10004/b412fe07-c613-4158-b093-bd5882820543/cross_validation_data/b412fe07-c613-4158-b093-bd5882820543_preprocessed_data.csv",
    "cv_predictions_processed": "trained_models/10004/b412fe07-c613-4158-b093-bd5882820543/cross_validation_data/b412fe07-c613-4158-b093-bd5882820543_cv_predictions_processed.csv",
    "cv_predictions_original": "trained_models/10004/b412fe07-c613-4158-b093-bd5882820543/cross_validation_data/b412fe07-c613-4158-b093-bd5882820543_cv_predictions_original.csv",
    "scatter_plot": "trained_models/10004/b412fe07-c613-4158-b093-bd5882820543/cross_validation_data/b412fe07-c613-4158-b093-bd5882820543_cv_scatter_plot.png"
  },
  "cv_predictions": {
    "y_true_processed": "[-1.56379271 -1.57473265 -0.52449806  0.43821699 -0.06502042 -0.73235699\n -1.43251338  1.31341249 -0.1853598   0.78829519  0.05531896 -1.11525502\n -0.56825783 -0.80893659  0.47103682  0.05531896  0.50385665 -0.85269637\n  0.64607592 -0.59013772 -1.44345333 -0.63389749  0.98521418 -0.21817963\n -0.17441986  1.51033147 -1.33405389 -1.67319215 -0.3603989  -0.02126065\n -0.76517682  0.56949631  0.18659829 -0.03220059 -0.80893659  0.21941812\n  0.03343907  0.88675468 -0.0103207   0.96333429  0.32881755 -0.80893659\n -0.7104771  -0.63389749  0.18659829 -1.312174    1.03991389  0.46009688\n  0.46009688  2.21048787  2.3417672   2.12296832  2.17766804]",
    "y_pred_processed": "[-1.58857493 -1.5054707  -0.34425245  0.4984091   0.01066211 -0.75827625\n -1.61225486  1.34710426 -0.26908138  0.42393726 -0.11308911 -0.7607592\n -0.4494371  -0.2555654   0.94439977 -0.15008023  0.57763849 -0.97285806\n  0.77023875 -0.5301738  -1.31198262 -0.83380297  0.62830059 -0.02715486\n -0.42870218  1.61927511 -1.39524762 -1.27140676 -0.57366198  0.13929414\n -0.36425525  0.57450345  0.23999429 -0.30213627 -0.8521367   0.36064986\n  0.24069071  0.46721058 -0.06799209  0.81199636  0.51769238 -0.69232689\n -0.64115366 -0.3551025  -0.03531893 -1.19234964  0.8713504   0.36546175\n  0.55417467  2.19808401  2.06069122  1.91135046  2.09076785]",
    "y_true_original": "[28.8 28.7 38.3 47.1 42.5 36.4 30.  55.1 41.4 50.3 43.6 32.9 37.9 35.7\n 47.4 43.6 47.7 35.3 49.  37.7 29.9 37.3 52.1 41.1 41.5 56.9 30.9 27.8\n 39.8 42.9 36.1 48.3 44.8 42.8 35.7 45.1 43.4 51.2 43.  51.9 46.1 35.7\n 36.6 37.3 44.8 31.1 52.6 47.3 47.3 63.3 64.5 62.5 63. ]",
    "y_pred_original": "[28.57347031 29.33311064 39.94759168 47.65020494 43.19179996 36.16307677\n 28.35701648 55.40797023 40.63471654 46.96947165 42.06061302 36.14038065\n 38.98611832 40.75826361 51.72692303 41.72248399 48.37442607 34.20162425\n 50.13494947 38.24811909 31.10174939 35.47270105 48.83751901 42.84612205\n 39.17565237 57.89583365 30.34063949 31.47264586 37.85060171 44.36760158\n 39.7647498  48.3457693  45.28808295 40.33256789 35.30511582 46.39097323\n 45.29444888 47.36502507 42.47283655 50.51664804 47.82646983 36.76590774\n 37.23367275 39.8484134  42.7714958  32.19529236 51.05919234 46.43495784\n 48.15994771 63.18661858 61.93073651 60.56564031 62.20566143]"
  }
}